questionid,questiontext,questiontype,answerid_1,optiontext_1,fraction_1,answerstatus_1,answerid_2,optiontext_2,fraction_2,answerstatus_2,answerid_3,optiontext_3,fraction_3,answerstatus_3,answerid_4,optiontext_4,fraction_4,answerstatus_4,answerid_5,optiontext_5,fraction_5,answerstatus_5,answerid_6,optiontext_6,fraction_6,answerstatus_6,tagid_1,tagname_1,tagid_2,tagname_2,tagid_3,tagname_3,tagid_4,tagname_4,tagid_5,tagname_5,tagid_6,tagname_6,tagid_7,tagname_7
1738,"During suctioning, the dominant hand is considered",multichoice,4148,Clean,0.0000000,Incorrect,4149,Sterile,1.0000000,Correct,,,,,,,,,,,,,,,,,1114,"Domain: evidence base practice",1115,"Competency Name: suctioning procedure",1116,"Competency area: procedure of suctioning",1117,"Type: skill",1118,"Competency Definition: the dominant hand",,,,
1739,"During suctioning, the non dominant hand is used for all except",multichoice,4150,"Manipulating the catheter",1.0000000,Correct,4151,"Control the suction port",0.0000000,Incorrect,4152,"Pick up the connecting tubing",0.0000000,Incorrect,4153,"Remove the oxygen delivery devices",0.0000000,Incorrect,,,,,,,,,1114,"Domain: evidence base practice",1115,"Competency Name: suctioning procedure",1116,"Competency area: procedure of suctioning",1117,"Type: skill",1119,"Competency Definition: the non dominant hand",,,,
1736,"High vacuum pressure during suctioning can lead to all except",multichoice,4140,"Tracheal Mucosal Injury",0.0000000,Incorrect,4141,Atelectasis,0.0000000,Incorrect,4142,Hypoxia,0.0000000,Incorrect,4143,Hyperoxia,1.0000000,Correct,,,,,,,,,1114,"Domain: evidence base practice",1115,"Competency Name: suctioning procedure",1116,"Competency area: procedure of suctioning",1120,"Type: knowledge",1121,"Competency Definition: high vacuum pressure",,,,
1730,"How long should a suction last?",multichoice,4116,"Approximately 40 seconds",0.0000000,Incorrect,4117,"Approximately 30 seconds",0.0000000,Incorrect,4118,"Approximately 15 seconds",1.0000000,Correct,4119,"Approximately 5 seconds",0.0000000,Incorrect,,,,,,,,,1114,"Domain: evidence base practice",1115,"Competency Name: suctioning procedure",1116,"Competency area: procedure of suctioning",1117,"Type: skill",1122,"Competency Definition: time of suction",,,,
1735,"Preoxygenation before and during suctioning is done to prevent",multichoice,4136,Hyperoxia,0.0000000,Incorrect,4137,Hypoxia,1.0000000,Correct,4138,"Absorption Atelectasis",0.0000000,Incorrect,4139,Retinopathy,0.0000000,Incorrect,,,,,,,,,1114,"Domain: evidence base practice",1115,"Competency Name: suctioning procedure",1116,"Competency area: procedure of suctioning",1117,"Type: skill",1123,"Competency Definition: preoxygenation before and during suctioning",,,,
1737,"The general recommendation for adults is to use suction catheter that has an external diameter",multichoice,4144,"More than 50% of the size of the ETT inner diameter",0.0000000,Incorrect,4145,"Less than 50% of the size of the ETT inner diameter",1.0000000,Correct,4146,"More than 40% of the size of the ETT inner diameter",0.0000000,Incorrect,4147,"Less than  40% of the size of the ETT inner diameter",0.0000000,Incorrect,,,,,,,,,1114,"Domain: evidence base practice",1115,"Competency Name: suctioning procedure",1116,"Competency area: procedure of suctioning",1120,"Type: knowledge",1124,"Competency Definition: diameter of suction catheter",,,,
1731,"The length of the suction catheter inserted for nasopharyngeal suctioning should be",multichoice,4120,"1 to 2 inches",0.0000000,Incorrect,4121,"2 to 3 inches",0.0000000,Incorrect,4122,"3 to 4 inches",0.0000000,Incorrect,4123,"5 to 6 inches",1.0000000,Correct,,,,,,,,,1114,"Domain: evidence base practice",1115,"Competency Name: suctioning procedure",1117,"Type: skill",1125,"Competency Definition: length of suction catheter",1126,"nasopharyngeal suctioning",1135,"Competency area: nasopharyngeal suctioning",,
1732,"The length of the suction catheter inserted for oropharyngeal suctioning should be",multichoice,4124,"1 to 2 inches",0.0000000,Incorrect,4125,"2 to 3 inches",0.0000000,Incorrect,4126,"3 to 4 inches",1.0000000,Correct,4127,"5 to 6 inches",0.0000000,Incorrect,,,,,,,,,1114,"Domain: evidence base practice",1115,"Competency Name: suctioning procedure",1117,"Type: skill",1125,"Competency Definition: length of suction catheter",1137,"Competency area: oropharyngeal suctioning",,,,
1734,"The length of the suction catheter inserted through endotracheal tube for endotracheal suctioning should be",multichoice,4132,"12 to 20 cm",0.0000000,Incorrect,4133,"20 to 28 cm",0.0000000,Incorrect,4134,"30 to 38 cm",1.0000000,Correct,4135,"40 to 45 cm",0.0000000,Incorrect,,,,,,,,,1114,"Domain: evidence base practice",1115,"Competency Name: suctioning procedure",1117,"Type: skill",1125,"Competency Definition: length of suction catheter",1128,"endotracheal tube",1138,"Competency area: endotracheal suctioning",,
1733,"The length of the suction catheter inserted through tracheotomy tube for tracheal suctioning should be",multichoice,4128,"4 to 6 cm",0.0000000,Incorrect,4129,"6 to 8 cm",0.0000000,Incorrect,4130,"8 to 10 cm",0.0000000,Incorrect,4131,"13 to 15 cm",1.0000000,Correct,,,,,,,,,1114,"Domain: evidence base practice",1115,"Competency Name: suctioning procedure",1117,"Type: skill",1125,"Competency Definition: length of suction catheter",1129,"tracheal suctioning",1139,"Competency area: tracheal suctioning",,
1740,"The recommended catheter size for adults is",multichoice,4154,"8-10 Fr",0.0000000,Incorrect,4155,"10-12 Fr",0.0000000,Incorrect,4156,"14-16 Fr",1.0000000,Correct,4157,"18-20 Fr",0.0000000,Incorrect,,,,,,,,,1114,"Domain: evidence base practice",1115,"Competency Name: suctioning procedure",1120,"Type: knowledge",1130,"Competency Definition: size of catheter for adult",1140,"Competency area: introduction to suctioning",,,,
1728,"What is the recommended pressure setting for the suction unit?",multichoice,4108,"10-20 mmHg",0.0000000,Incorrect,4109,"50-60 mmHg",0.0000000,Incorrect,4110,"60-70 mmHg",0.0000000,Incorrect,4111,"100-150 mmHg",1.0000000,Correct,,,,,,,,,1114,"Domain: evidence base practice",1115,"Competency Name: suctioning procedure",1116,"Competency area: procedure of suctioning",1120,"Type: knowledge",1131,"Competency Definition: recommended suction pressure",,,,
1727,"When during the suction procedure should suction be applied?",multichoice,4104,"Only when withdrawing the suction catheter",1.0000000,Correct,4105,"Only when inserting the suction catheter",0.0000000,Incorrect,4106,"Either during insertion or withdrawal, depending on when the patient coughs",0.0000000,Incorrect,4107,"Only if the patient coughs",0.0000000,Incorrect,,,,,,,,,1114,"Domain: evidence base practice",1115,"Competency Name: suctioning procedure",1116,"Competency area: procedure of suctioning",1117,"Type: skill",1132,"Competency Definition: when to apply suction",,,,
1726,"Which of the following are possible indications for performing endotracheal suction?",multichoice,4100,"Normal air entry on auscultation",0.0000000,Incorrect,4101,"The patient has an effective cough",0.0000000,Incorrect,4102,"Reduced oxygen saturation levels",1.0000000,Correct,4103,"Normal respiratory rate",0.0000000,Incorrect,,,,,,,,,1114,"Domain: evidence base practice",1115,"Competency Name: suctioning procedure",1120,"Type: knowledge",1133,"Competency area: endotracheal suction",1134,"Competency Definition: indication for suctioning",,,,
1729,"Which one of the following is a contraindication for inserting a nasopharyngeal airway?",multichoice,4112,"The patient is able to tolerate an oropharyngeal airway",0.0000000,Incorrect,4113,"The patient has a fractured base of skull",1.0000000,Correct,4114,"The patient has hypoxaemia",0.0000000,Incorrect,4115,"The patient has a chest infection",0.0000000,Incorrect,,,,,,,,,1114,"Domain: evidence base practice",1115,"Competency Name: suctioning procedure",1120,"Type: knowledge",1135,"Competency area: nasopharyngeal suctioning",1136,"Competency Definition: contraindication for inserting a nasopharyngeal airway",,,,
66403,"A nurse is caring for a client with an indwelling urinary catheter. What is the most important action for the nurse to implement when irrigating the bladder?",multichoice,16609,"Use sterile equipment.",1.0000000,Correct,16610,"Instill the fluid under high pressure.",0.0000000,Incorrect,16611,"Warm the solution to body temperature.",0.0000000,Incorrect,16612,"Aspirate immediately to ensure return flow.",0.0000000,Incorrect,,,,,,,,,1114,"Domain: evidence base practice",1117,"Type: skill",1141,"Competency Name: urinary catheterization",1142,"Competency area: indwelling urinary catheter",1143,"Competency Definition: indwelling urinary catheter",1144,"important action when irrigating the bladder",,
66404,"A urine specimen is needed to test for the presence of ketones in a client who is diabetic. What should the nurse do when collecting this specimen from a urinary retention catheter?",multichoice,16613,"Disconnect the catheter and drain the urine into a clean container.",0.0000000,Incorrect,16614,"Clean the drainage valve and remove the urine from the catheter bag.",0.0000000,Incorrect,16615,"Wipe the catheter with alcohol and drain the urine into a sterile test tube.",0.0000000,Incorrect,16616,"Clamp the catheter, cleanse the port, and use a sterile syringe to remove urine.",1.0000000,Correct,,,,,,,,,1114,"Domain: evidence base practice",1141,"Competency Name: urinary catheterization",1145,"Competency area: urinary retention catheter",1146,Type:skill,1147,"Competency Definition: collection of specimen",1148,"nurse action",,
66387,"An intermittent urinary catheter has all the below mentioned characteristic features except-",multichoice,16545,"Made up of latex, silicon",1.0000000,Correct,16546,"Single lumen straight plastic tube",0.0000000,Incorrect,16547,"Presence of opening at the tip of 1.3 cm",0.0000000,Incorrect,16548,"It is used for shorter duration of time",0.0000000,Incorrect,,,,,,,,,1114,"Domain: evidence base practice",1120,"Type: knowledge",1141,"Competency Name: urinary catheterization",1149,"Competency area: intermittent urinary catheter",1150,"Competency Definition: characteristics of intermittent urinary catheter",,,,
2503,"Appropriate insertion follows aseptic technique which includes the use of which of the following?",multichoice,5806,"Sterile gloves",0.0000000,Incorrect,5807,"Sterile drape sheet",0.0000000,Incorrect,5808,"Sterile skin antiseptic",0.0000000,Incorrect,5809,"All of the above",1.0000000,Correct,,,,,,,,,1114,"Domain: evidence base practice",1120,"Type: knowledge",1141,"Competency Name: urinary catheterization",1151,"Competency area: procedure of insertion of urinary catheter",1152,"Competency Definition: appropriate insertion of urinary catheter",,,,
2501,"Catheterization is performed for all of the following reasons except?",multichoice,5798,"To check for residual urine",0.0000000,Incorrect,5799,"To instill meds into bladder",0.0000000,Incorrect,5800,"For relief of bladder distention from urinary retention.",0.0000000,Incorrect,5801,"For relief of urinary suppression with overflow.",1.0000000,Correct,,,,,,,,,1114,"Domain: evidence base practice",1120,"Type: knowledge",1141,"Competency Name: urinary catheterization",1153,"Competency area: insertion of urinary catheter",1154,"Competency Definition: performed catheterization",,,,
3174,"How long can a silicon catheter stay in situ?",multichoice,6402,"2 weeks",0.0000000,Incorrect,6403,"12 weeks",1.0000000,Correct,6404,"3 weeks",0.0000000,Incorrect,6405,"20 weeks",0.0000000,Incorrect,,,,,,,,,1114,"Domain: evidence base practice",1120,"Type: knowledge",1141,"Competency Name: urinary catheterization",1155,"Competency area: size of catheter",1156,"Competency Definition: silicon catheter stay in situ",,,,
3171,"How many centimeters should the urinary catheter be advanced in a male?",multichoice,6390,"5-6 cm",0.0000000,Incorrect,6391,"10-14 cm",0.0000000,Incorrect,6392,"2-5 cm",0.0000000,Incorrect,6393,"15-25 cm",1.0000000,Correct,,,,,,,,,1114,"Domain: evidence base practice",1120,"Type: knowledge",1141,"Competency Name: urinary catheterization",1157,"Competency area: performing male urinary catheterization",1158,"Competency Definition: advance the urinary catheter to the recommended depth",,,,
3173,"How many lumen does a straight catheter have?",multichoice,6398,Two,0.0000000,Incorrect,6399,Three,0.0000000,Incorrect,6400,One,1.0000000,Correct,6401,None,0.0000000,Incorrect,,,,,,,,,1114,"Domain: evidence base practice",1120,"Type: knowledge",1141,"Competency Name: urinary catheterization",1159,"Competency area: structure of foley's urinary catheter",1160,"Competency Definition: lumen of foley’s catheter",,,,
2504,"How many lumens does a Foley catheter have?",multichoice,5810,1,0.0000000,Incorrect,5811,2,1.0000000,Correct,5812,None,0.0000000,Incorrect,,,,,,,,,,,,,1114,"Domain: evidence base practice",1120,"Type: knowledge",1141,"Competency Name: urinary catheterization",1159,"Competency area: structure of foley's urinary catheter",1160,"Competency Definition: lumen of foley’s catheter",,,,
3179,"How should a drainage bag be emptied?",multichoice,6418,"Into a pitcher and poured down the sink",0.0000000,Incorrect,6419,"Into a measuring jug and then poured into the toilet",1.0000000,Correct,6420,"Drained directly into a 24-hr specimen container",0.0000000,Incorrect,6421,"Disconnected from the catheter tubing and released directly into the toilet",0.0000000,Incorrect,,,,,,,,,1114,"Domain: evidence base practice",1117,"Type: skill",1141,"Competency Name: urinary catheterization",1161,"Competency area: perform emptying of the urine drainage bag",1162,"Competency Definition: empty the drainage bag",,,,
66392,"Identify the correct sequence of procedure for urinary catheterization",multichoice,16565,"Position appropriately, set up the sterile field, drape the patient, clean from outer to inner, insert catheter, inflate distal balloon, attach and secure",1.0000000,Correct,16566,"Drape patient, provide position, clean from inside out, inflate distal balloon, attach and secure",0.0000000,Incorrect,16567,"Set up the sterile field, position the patient, clean from inside out, insert catheter, attach and secure",0.0000000,Incorrect,16568,"Position appropriately, set up the sterile field, drape the patient, clean from urinary meatus to outside, insert catheter, attach and secure, inflate distal balloon,",0.0000000,Incorrect,,,,,,,,,1114,"Domain: evidence base practice",1120,"Type: knowledge",1141,"Competency Name: urinary catheterization",1163,"Competency area: procedure of urinary catheterization",1164,"Competency Definition: procedure of urinary catheterization",,,,
66398,"In a female patient with indwelling catheter the catheter care should be performed in which of the following correct sequence",multichoice,16589,"Urinary meatus, labia minora, labia majora, catheter",1.0000000,Correct,16590,"Catheter, urinary meatus, labia majora, labia minora",0.0000000,Incorrect,16591,"Urobag, catheter, labia majora",0.0000000,Incorrect,16592,"Labia minora, labia majora, perineum, catheter",0.0000000,Incorrect,,,,,,,,,1114,"Domain: evidence base practice",1120,"Type: knowledge",1141,"Competency Name: urinary catheterization",1165,"Competency area: care of indwelling catheter",1166,"Competency Definition: female indwelling urinary catheter care",,,,
2502,"In the procedure for inserting an indwelling catheter, after urine appears in the tubing, the catheter is advanced additional 2-inches in order to:",multichoice,5802,"Minimize the risk for balloon inflation in the urethra.",1.0000000,Correct,5803,"Increase the amount of urine drained.",0.0000000,Incorrect,5804,"Stimulate normal bladder contraction.",0.0000000,Incorrect,5805,"Promote Bladder Tone",0.0000000,Incorrect,,,,,,,,,1114,"Domain: evidence base practice",1120,"Type: knowledge",1141,"Competency Name: urinary catheterization",1167,"Competency area: insertion of an indwelling urinary catheter",1168,"Competency Definition: inserting an indwelling catheter",1169,"catheter is advanced additional 2-inches",,
66394,"Inflation of the balloon should be withheld if the patient complains of",multichoice,16573,"Severe pain while inflating the balloon",1.0000000,Correct,16574,"Nausea and vomiting",0.0000000,Incorrect,16575,Incontinence,0.0000000,Incorrect,16576,"Bleeding per rectum",0.0000000,Incorrect,,,,,,,,,1114,"Domain: evidence base practice",1120,"Type: knowledge",1141,"Competency Name: urinary catheterization",1163,"Competency area: procedure of urinary catheterization",1170,"Competency Definition: inflation of the balloon",,,,
2500,"lndwelling catheters are designed to:",multichoice,5794,"Use for straight cath to obtain a urine specimen",0.0000000,Incorrect,5795,"Use for a patient who is incontinent",0.0000000,Incorrect,5796,"Has no balloon for securing in the bladder",0.0000000,Incorrect,5797,"Rest securely in the bladder for a limited amount of time.",1.0000000,Correct,,,,,,,,,1114,"Domain: evidence base practice",1120,"Type: knowledge",1141,"Competency Name: urinary catheterization",1171,"Competency area: indwelling catheter",1172,"Competency Definition: structure of indwelling catheters",,,,
82153,"Normally which size of catheter used in a male patient?",multichoice,55690,"12-15 cm",0.0000000,Incorrect,55691,"14-18 cm",1.0000000,Correct,55692,"20-24 cm",0.0000000,Incorrect,55693,"25-28 cm",0.0000000,Incorrect,,,,,,,,,1114,"Domain: evidence base practice",1120,"Type: knowledge",1141,"Competency Name: urinary catheterization",1173,"Competency area: sizes of urinary catheters",1174,"Competency Definition: normal size of catheter in male patient",,,,
66389,"Ramesh a 32 year old male is admitted in the hospital as a case of hydronephrosis and is advised for bladder irrigation. The size of Foley’s catheter that should be used for catheterizing is –",multichoice,16553,"14-18 Fr",1.0000000,Correct,16554,"30-22 Fr",0.0000000,Incorrect,16555,"22-24 Fr",0.0000000,Incorrect,16556,"10-13 Fr",0.0000000,Incorrect,,,,,,,,,1114,"Domain: evidence base practice",1120,"Type: knowledge",1141,"Competency Name: urinary catheterization",1175,"Competency area: bladder irrigation",1176,"Competency Definition: the size of Foley’s catheter",1177,"Bladder Irrigation",,
3176,"State if “True” or “False”. <br>Catheter-associated urinary tract infections are the most common cause of bacteremia (bloodstream infection) in long-term care facilities.",multichoice,6410,True,1.0000000,Correct,6411,False,0.0000000,Incorrect,,,,,,,,,,,,,,,,,1114,"Domain: evidence base practice",1120,"Type: knowledge",1141,"Competency Name: urinary catheterization",1178,"Competency area: catheter-associated urinary tract infections",1179,"Competency Definition: catheter-associated urinary tract infections",1180,bacteremia,,
3177,"State if “True” or “False”.<br>During catheter care, gloves only need to be worn if you are emptying the urine drainage bag.",multichoice,6412,True,0.0000000,Incorrect,6413,False,1.0000000,Correct,,,,,,,,,,,,,,,,,1114,"Domain: evidence base practice",1120,"Type: knowledge",1141,"Competency Name: urinary catheterization",1181,"Competency area: catheter care",1182,"Competency Definition: wear gloves",,,,
3170,"The catheter slips into the vagina during a straight catheterization of a female patient. Which action by the nurse is appropriate?",multichoice,6386,"Removes the catheter and redirects it to the urinary meatus",0.0000000,Incorrect,6387,"Removes the catheter, wipes it with a sterile gauze and redirects it to the urinary  meatus",0.0000000,Incorrect,6388,"Leaves the catheter in place and gets a new sterile catheter",1.0000000,Correct,6389,"Leaves the catheter in place and asks another nurse to attempt the procedure",0.0000000,Incorrect,,,,,,,,,1114,"Domain: evidence base practice",1117,"Type: skill",1141,"Competency Name: urinary catheterization",1183,"Competency area: procedure of catheterization",1184,"Competency Definition: catheter slips into the vagina during a straight catheterization",,,,
66397,"The maximum amount of sterile water that can be used to inflate the balloon at the tip of the catheter is",multichoice,16585,"2 ml",0.0000000,Incorrect,16586,"50 ml",0.0000000,Incorrect,16587,"5-10 ml",1.0000000,Correct,16588,"150 ml",0.0000000,Incorrect,,,,,,,,,1114,"Domain: evidence base practice",1120,"Type: knowledge",1141,"Competency Name: urinary catheterization",1183,"Competency area: procedure of catheterization",1185,"Competency Definition: Maximum amount of sterile water",1186,"inflate the balloon",,
66395,"The normal size of catheter used in a female patient is -----------",multichoice,16577,"6-10 Fr",0.0000000,Incorrect,16578,"12-16 Fr",1.0000000,Correct,16579,"16--19 Fr",0.0000000,Incorrect,16580,"20-24 Fr",0.0000000,Incorrect,,,,,,,,,1114,"Domain: evidence base practice",1120,"Type: knowledge",1141,"Competency Name: urinary catheterization",1187,"Competency area: size of urinary catheter",1188,"Competency Definition: normal size of catheter used in a female patient",,,,
66402,"The primary reason for lubricating the urinary catheter generously before inserting the catheter into a male client is that this technique helps reduce:",multichoice,16605,"Spasms at the orifice of the bladder.",0.0000000,Incorrect,16606,"Friction along the urethra when the catheter is being inserted.",1.0000000,Correct,16607,"The number of organisms gaining entrance to the bladder.",0.0000000,Incorrect,16608,"The formation of encrustations that may occur at the end of the catheter.",0.0000000,Incorrect,,,,,,,,,1114,"Domain: evidence base practice",1120,"Type: knowledge",1141,"Competency Name: urinary catheterization",1153,"Competency area: insertion of urinary catheter",1189,"Competency Definition: taping an indwelling catheter",1190,"laterally to the thigh of a male client",,
66401,"The primary reason for taping an indwelling catheter laterally to the thigh of a male client is to:",multichoice,16601,"Eliminate pressure at the penoscrotal angle.",1.0000000,Correct,16602,"Prevent the catheter from kinking in the urethra.",0.0000000,Incorrect,16603,"Prevent accidental catheter removal.",0.0000000,Incorrect,16604,"Allow the client to turn without kinking the catheter.",0.0000000,Incorrect,,,,,,,,,1114,"Domain: evidence base practice",1120,"Type: knowledge",1141,"Competency Name: urinary catheterization",1153,"Competency area: insertion of urinary catheter",1191,"Competency Definition: purpose of inflatable balloon",,,,
66388,"The purpose of inflatable balloon at the tip of an indwelling catheter is to-",multichoice,16549,"Hold the catheter in place once inflated",1.0000000,Correct,16550,"Give shape to the catheter",0.0000000,Incorrect,16551,"Protect the adjacent lying structures",0.0000000,Incorrect,16552,"Collect urine specimen",0.0000000,Incorrect,,,,,,,,,1114,"Domain: evidence base practice",1120,"Type: knowledge",1141,"Competency Name: urinary catheterization",1153,"Competency area: insertion of urinary catheter",1191,"Competency Definition: purpose of inflatable balloon",,,,
66383,"Urinary catheterization involves inserting the Foley’s catheter",multichoice,16529,"Into the ureter",0.0000000,Incorrect,16530,"Through the urethra into the bladder",1.0000000,Correct,16531,"Through the rectum",0.0000000,Incorrect,16532,"From ureter into the bladder",0.0000000,Incorrect,,,,,,,,,1114,"Domain: evidence base practice",1120,"Type: knowledge",1141,"Competency Name: urinary catheterization",1153,"Competency area: insertion of urinary catheter",1192,"Competency Definition: inserting the foley’s catheter",,,,
3172,"What is the size of urinary catheter used in children?",multichoice,6394,"5-12 Fr",1.0000000,Correct,6395,"12-14 Fr",0.0000000,Incorrect,6396,"14-16 Fr",0.0000000,Incorrect,6397,"18 Fr",0.0000000,Incorrect,,,,,,,,,1114,"Domain: evidence base practice",1120,"Type: knowledge",1141,"Competency Name: urinary catheterization",1193,"Competency area: introduction to urinary catheterization",1194,"Competency Definition: size of urinary catheter",1195,children,,
2506,"What position is a female patient in for catheterization?",multichoice,5815,"Dorsal recumbent",1.0000000,Correct,5816,"High fowler",0.0000000,Incorrect,5817,"Sims position",0.0000000,Incorrect,5818,"Knee chest position",0.0000000,Incorrect,,,,,,,,,1114,"Domain: evidence base practice",1120,"Type: knowledge",1141,"Competency Name: urinary catheterization",1193,"Competency area: introduction to urinary catheterization",1196,"Competency Definition: position for female patient for catheterization",,,,
3175,"What should a nurse do immediately after an indwelling catheter is removed?",multichoice,6406,"Rinse it and send for sterilization",0.0000000,Incorrect,6407,"Observe the catheter for any sediments, mucous or blood",1.0000000,Correct,6408,"Cut and discard in the appropriate color coded bin",0.0000000,Incorrect,6409,"Document the procedure",0.0000000,Incorrect,,,,,,,,,1114,"Domain: evidence base practice",1117,"Type: skill",1141,"Competency Name: urinary catheterization",1197,"Competency area: removal of urinary catheter",1198,"Competency Definition: immediate action after removal of an indwelling catheter",,,,
2505,"What should you do to the foreskin when catheterizing?",multichoice,5813,"Retract it and clean it before catheterization",1.0000000,Correct,5814,"never retract the skin",0.0000000,Incorrect,,,,,,,,,,,,,,,,,1114,"Domain: evidence base practice",1117,"Type: skill",1141,"Competency Name: urinary catheterization",1199,"Competency area: catheterization of male patient",1200,"Competency Definition: action to the foreskin when catheterizing",,,,
3169,"Which among the following sizes of urinary catheter is not used for female patients?",multichoice,6382,"16 Fr",0.0000000,Incorrect,6383,"18 Fr",1.0000000,Correct,6384,"12 Fr",0.0000000,Incorrect,6385,"14 Fr",0.0000000,Incorrect,,,,,,,,,1114,"Domain: evidence base practice",1120,"Type: knowledge",1141,"Competency Name: urinary catheterization",1193,"Competency area: introduction to urinary catheterization",1194,"Competency Definition: size of urinary catheter",1201,"Female patient",,
66399,"Which among these is not the indication for removal of an indwelling catheter:",multichoice,16593,"Promote normal bladder function",0.0000000,Incorrect,16594,"Prevent infection",0.0000000,Incorrect,16595,"Prevent trauma to urethra",0.0000000,Incorrect,16596,"Promote incontinence",1.0000000,Correct,,,,,,,,,1114,"Domain: evidence base practice",1120,"Type: knowledge",1141,"Competency Name: urinary catheterization",1202,"Competency area: removal of catheter",1203,"Competency Definition: not the indication for removal of an indwelling catheter",,,,
66400,"Which nursing action can best prevent infection from a urinary retention catheter?",multichoice,16597,"Changing the catheter daily",0.0000000,Incorrect,16598,"Encouraging adequate fluids",0.0000000,Incorrect,16599,"Irrigating the catheter once daily",0.0000000,Incorrect,16600,"Cleansing around the meatus routinely",1.0000000,Correct,,,,,,,,,1114,"Domain: evidence base practice",1120,"Type: knowledge",1141,"Competency Name: urinary catheterization",1145,"Competency area: urinary retention catheter",1204,"Competency Definition: best Nursing action",1205,"prevent infection",1206,"urinary retention catheter"
66391,"Which of the following general instructions about catheterization is true",multichoice,16561,"Urobag should be changed every 24 hours",0.0000000,Incorrect,16562,"Ringer Lactate should be used to flush the catheter",0.0000000,Incorrect,16563,"The urobag should always be kept below the level of bladder.",1.0000000,Correct,16564,"Sterile technique is not necessary for catheterization",0.0000000,Incorrect,,,,,,,,,1114,"Domain: evidence base practice",1120,"Type: knowledge",1141,"Competency Name: urinary catheterization",1207,"Competency area: introduction to catheterization",1208,"Competency Definition: general instructions about catheterization",,,,
66386,"Which of the following has an inflatable balloon at the tip that helps anchor the catheter in its place",multichoice,16541,"Ryles tube",0.0000000,Incorrect,16542,"Nasogastric tube",0.0000000,Incorrect,16543,"Indwelling catheter",1.0000000,Correct,16544,"Intermittent catheter",0.0000000,Incorrect,,,,,,,,,1114,"Domain: evidence base practice",1120,"Type: knowledge",1141,"Competency Name: urinary catheterization",1207,"Competency area: introduction to catheterization",1209,"Competency Definition: inflatable balloon at the tip",1210,"helps anchor the catheter in its place",,
66385,"Which of the following is an indication for urinary catheterization for diagnostic purposes",multichoice,16537,"Imaging studies of UTI",1.0000000,Correct,16538,"Relieve urinary retention",0.0000000,Incorrect,16539,"Instillation of medication",0.0000000,Incorrect,16540,Hydronephrosis,0.0000000,Incorrect,,,,,,,,,1114,"Domain: evidence base practice",1120,"Type: knowledge",1141,"Competency Name: urinary catheterization",1207,"Competency area: introduction to catheterization",1211,"Competency Definition: indication for urinary catheterization",1212,"Diagnostic purposes",,
3180,"Which of the following is true for providing catheter care?",multichoice,6422,"Clean the only the first 1 to 2 inches of the catheter tubing",0.0000000,Incorrect,6423,"Wipe towards the meatus",0.0000000,Incorrect,6424,"Use a paper towel to dry the catheter tubing",0.0000000,Incorrect,6425,"Observe the area for any signs of irritation or problems with the tubing",1.0000000,Correct,,,,,,,,,1114,"Domain: evidence base practice",1120,"Type: knowledge",1141,"Competency Name: urinary catheterization",1181,"Competency area: catheter care",1213,"Competency Definition: true for providing catheter care",,,,
66393,"Which position is preferred in male patients to perform catheterization?",multichoice,16569,"Dorsal recumbent with thighs inward rotated",0.0000000,Incorrect,16570,"Supine position with thighs slightly abducted",1.0000000,Correct,16571,"Prone position",0.0000000,Incorrect,16572,"Trendelenburg position",0.0000000,Incorrect,,,,,,,,,1114,"Domain: evidence base practice",1120,"Type: knowledge",1141,"Competency Name: urinary catheterization",1214,"Competency area: procedure of catheter insertion",1215,"Competency Definition: position in male patients",,,,
2507,"Why are there two lumens in a Foley catheter?",multichoice,5819,"One to drain urine and other to inflate balloon",1.0000000,Correct,5820,"One to drain urine and other to administer medication",0.0000000,Incorrect,5821,"One to administer medication and other to inflate balloon",0.0000000,Incorrect,5822,"Both to drain urine",0.0000000,Incorrect,,,,,,,,,1114,"Domain: evidence base practice",1120,"Type: knowledge",1141,"Competency Name: urinary catheterization",1207,"Competency area: introduction to catheterization",1216,"Competency Definition: two lumens in a foley catheter",,,,
3178,"Why should a catheter drainage bag be kept below the level of the bladder?",multichoice,6414,"It prevents urine from flowing back into the bladder and causing an infection",1.0000000,Correct,6415,"The bag is likely to leak if it is held higher than the bladder",0.0000000,Incorrect,6416,"The tubing can disconnect from the catheter if it is kept higher than the level of the bladder",0.0000000,Incorrect,6417,"The tubing may kink and cause safety hazard to the patient",0.0000000,Incorrect,,,,,,,,,1114,"Domain: evidence base practice",1120,"Type: knowledge",1141,"Competency Name: urinary catheterization",1217,"Competency area: catheter insertion",1218,"Competency Definition: catheter drainage bag",1219,"kept below the level of the bladder",,
1850,"<p>A GCS score between 13-15 indicates:</p>",multichoice,4324,"<p>Mild head injury</p>",1.0000000,Correct,4325,"<p>Moderate head injury</p>",0.0000000,Incorrect,4326,"<p>Severe head injury</p>",0.0000000,Incorrect,,,,,,,,,,,,,1114,"Domain: evidence base practice",1120,"Type: knowledge",1227,"Competency Name: glasgow coma scale",1228,"Competency area: interpretation of score",1229,"Competency Definition: interpret GCS score",,,,
1851,"<p>A nurse applies pressure on fingertip. The patient responds by moving &amp; bending elbow. He also moves arm away. What would nurse do next?</p>",multichoice,4327,"<p>Perform trapezius pinch to confirm </p>",0.0000000,Incorrect,4328,"<p>Record withdrawal from stimuli</p>",1.0000000,Correct,4329,"<p>Put pressure on supraorbital notch to confirm </p>",0.0000000,Incorrect,4330,"<p>Record abnormal flexion</p>",0.0000000,Incorrect,,,,,,,,,1114,"Domain: evidence base practice",1117,"Type: skill",1227,"Competency Name: glasgow coma scale",1230,"Competency area: motor response",1231,"Competency Definition: interpretation of motor response",,,,
1852,"<p>A nurse is applying fingertip pressure to assess eye response of the patient. She understands that she would have to apply this pressure:</p>",multichoice,4331,"<p>With increasing intensity</p>",0.0000000,Incorrect,4332,"<p>With constant intensity </p>",0.0000000,Incorrect,4333,"<p>For a duration of 1 min</p>",0.0000000,Incorrect,4334,"<p>For a duration of 5- 10 sec</p>",0.0000000,Incorrect,4335,"<p>With increasing intensity &amp; for a duration of 5- 10 sec</p>",1.0000000,Correct,4336,"<p>With constant intensity &amp; for a duration of 1 min</p>",0.0000000,Incorrect,1114,"Domain: evidence base practice",1117,"Type: skill",1227,"Competency Name: glasgow coma scale",1232,"Competency area: eye response",1233,"Competency Definition: interpretation of verbal response",,,,
1853,"<p>A nurse is assessing response of a trauma patient. Patient has received severe injury on her eye and is unable to open eyes. A nurse would record this as ‘No eye opening’.</p>",multichoice,4337,<p>True </p>,0.0000000,Incorrect,4338,<p>False</p>,1.0000000,Correct,,,,,,,,,,,,,,,,,1114,"Domain: evidence base practice",1117,"Type: skill",1227,"Competency Name: glasgow coma scale",1232,"Competency area: eye response",1234,"Competency Definition: interpret verbal response",,,,
1854,"<p>A nurse reaches at patient bed side to assess GCS. The patient greets the nurse himself. A nurse records this response as:</p>",multichoice,4339,<p>Spontaneous </p>,0.0000000,Incorrect,4340,"<p>Obeys command</p>",0.0000000,Incorrect,4341,<p>Oriented</p>,1.0000000,Correct,,,,,,,,,,,,,1114,"Domain: evidence base practice",1120,"Type: knowledge",1227,"Competency Name: glasgow coma scale",1234,"Competency Definition: interpret verbal response",1235,"Competency area: verbal response",,,,
1856,"<p>A patient reacts to ‘trapezius pinch’ performed by nurse to assess motor response by trying to reach nurse’s hand. The nurse understands that this is response must be recorded as:</p>",multichoice,4345,<p>Localizes</p>,1.0000000,Correct,4346,<p>Withdrawal</p>,0.0000000,Incorrect,4347,"<p>Normal flexion</p>",0.0000000,Incorrect,,,,,,,,,,,,,1114,"Domain: evidence base practice",1117,"Type: skill",1227,"Competency Name: glasgow coma scale",1230,"Competency area: motor response",1236,"Competency Definition: interpret motor response",,,,
1857,"<p>A patient who does not open his eyes on giving trapezius pinch, has no verbal response and assume abnormal extension posture will have total GCS score of:</p>",multichoice,4348,<p>5</p>,0.0000000,Incorrect,4349,<p>4</p>,1.0000000,Correct,4350,<p>6</p>,0.0000000,Incorrect,,,,,,,,,,,,,1114,"Domain: evidence base practice",1117,"Type: skill",1227,"Competency Name: glasgow coma scale",1228,"Competency area: interpretation of score",1229,"Competency Definition: interpret GCS score",,,,
1858,"<p>A score of 8 or below 8 indicates that the person is in coma.</p>",multichoice,4351,<p>True </p>,1.0000000,Correct,4352,<p>False</p>,0.0000000,Incorrect,,,,,,,,,,,,,,,,,1114,"Domain: evidence base practice",1117,"Type: skill",1227,"Competency Name: glasgow coma scale",1228,"Competency area: interpretation of score",1229,"Competency Definition: interpret GCS score",,,,
1859,"<p>A total score of 3 on GCS indicates poor prognosis.</p>",multichoice,4353,<p>True</p>,1.0000000,Correct,4354,<p>False</p>,0.0000000,Incorrect,,,,,,,,,,,,,,,,,1114,"Domain: evidence base practice",1117,"Type: skill",1227,"Competency Name: glasgow coma scale",1228,"Competency area: interpretation of score",1229,"Competency Definition: interpret GCS score",,,,
1860,"<p>Abnormal flexion response&nbsp; is also known as:</p>",multichoice,4355,"<p>Decorticate posture</p>",1.0000000,Correct,4356,"<p>Decerebrate posture</p>",0.0000000,Incorrect,,,,,,,,,,,,,,,,,1114,"Domain: evidence base practice",1117,"Type: skill",1227,"Competency Name: glasgow coma scale",1230,"Competency area: motor response",1236,"Competency Definition: interpret motor response",,,,
1861,"<p>Before initiating GCS assessment, the purpose of ‘check’ step is to:</p>",multichoice,4357,"<p>Assess injuries that may affect the ability to respond</p>",0.0000000,Incorrect,4358,"<p>Identify possible communication issues</p>",0.0000000,Incorrect,4359,"<p>Both are correct</p>",1.0000000,Correct,,,,,,,,,,,,,1114,"Domain: evidence base practice",1120,"Type: knowledge",1227,"Competency Name: glasgow coma scale",1237,"Competency area: introduction to GCS score",1238,"Competency Definition: introduction to GCS score",,,,
1862,"<p>Glasgow coma Scale is a tool used to assess<span style=""text-decoration: underline;"">&nbsp;&nbsp;&nbsp;&nbsp;&nbsp;&nbsp;&nbsp;&nbsp;&nbsp;&nbsp;&nbsp;&nbsp;&nbsp;&nbsp; </span>of the patient:</p>",multichoice,4360,"<p>Attention span</p>",0.0000000,Incorrect,4361,"<p>Affective behavior</p>",0.0000000,Incorrect,4362,"<p>Thinking ability</p>",0.0000000,Incorrect,4363,"<p>Level of consciousness</p>",1.0000000,Correct,,,,,,,,,1114,"Domain: evidence base practice",1120,"Type: knowledge",1227,"Competency Name: glasgow coma scale",1237,"Competency area: introduction to GCS score",1238,"Competency Definition: introduction to GCS score",,,,
1864,"<p>If a patient shows abnormal flexion on left side and abnormal extension on the right side when given physical stimuli as trapezius pinch. A nurse would record:</p>",multichoice,4366,"<p>Abnormal extension as patient response</p>",0.0000000,Incorrect,4367,"<p>Abnormal flexion as patient response </p>",1.0000000,Correct,4368,"<p>Record both the responses</p>",0.0000000,Incorrect,,,,,,,,,,,,,1114,"Domain: evidence base practice",1117,"Type: skill",1227,"Competency Name: glasgow coma scale",1230,"Competency area: motor response",1236,"Competency Definition: interpret motor response",,,,
1865,"<p>If the patient elbows are extended, it is given <span style=""text-decoration: underline;"">           </span> score for motor component of GCS.</p>",multichoice,4369,<p>M4</p>,0.0000000,Incorrect,4370,<p>M3</p>,0.0000000,Incorrect,4371,<p>M2</p>,1.0000000,Correct,,,,,,,,,,,,,1114,"Domain: evidence base practice",1117,"Type: skill",1227,"Competency Name: glasgow coma scale",1230,"Competency area: motor response",1236,"Competency Definition: interpret motor response",,,,
3163,"<span style=""font-size: 1rem;"">In a unit where patients with spinal cord injury are admitted, the nurse can:</span><br>",multichoice,6358,"<p>Record response as non-testable</p>",0.0000000,Incorrect,6359,"<p>Record response as ‘No Motor Response’</p>",0.0000000,Incorrect,6360,"<p>Ask the patient to stick their tongue to check response</p>",1.0000000,Correct,,,,,,,,,,,,,1114,"Domain: evidence base practice",1120,"Type: knowledge",1227,"Competency Name: glasgow coma scale",1230,"Competency area: motor response",1236,"Competency Definition: interpret motor response",,,,
1868,"<p>Interpret the GCS score: E 2 V 2 M 3</p>",multichoice,4378,"<p>Patient open eyes to sound, is confused and withdraws to stimuli</p>",0.0000000,Incorrect,4379,"<p>Patient opens eyes to pain, is making some sounds and demonstrates abnormal flexion on trapezius pinch</p>",1.0000000,Correct,4380,"<p>Patient spontaneously opens eyes, is oriented and able to lift arm as instructed</p>",0.0000000,Incorrect,,,,,,,,,,,,,1114,"Domain: evidence base practice",1120,"Type: knowledge",1227,"Competency Name: glasgow coma scale",1228,"Competency area: interpretation of score",1229,"Competency Definition: interpret GCS score",,,,
1869,"<p>Interpret the GCS score: E 3 V4 M 5</p>",multichoice,4381,"<p>Patient open eyes to sound, is confused and reaches to stimuli</p>",1.0000000,Correct,4382,"<p>Patient opens eyes to pain, is making some sounds and demonstrates normal flexion on trapezius pinch</p>",0.0000000,Incorrect,4383,"<p>Patient s opens eyes spontaneously, is uttering words and able to lift arm as instructed</p>",0.0000000,Incorrect,,,,,,,,,,,,,1114,"Domain: evidence base practice",1120,"Type: knowledge",1227,"Competency Name: glasgow coma scale",1228,"Competency area: interpretation of score",1229,"Competency Definition: interpret GCS score",,,,
3164,"<span style=""font-size: 1rem;"">Maximum score for eye, verbal and motor responses are:</span><br>",multichoice,6361,"<p>Eye 4, Verbal 5, Motor 6</p>",1.0000000,Correct,6362,"<p>Eye 4, Verbal 4, Motor 4</p>",0.0000000,Incorrect,6363,"<p>Eye 4, Verbal 6, Motor 5</p>",0.0000000,Incorrect,6364,"<p>Eye 5, Verbal 4, Motor 6</p>",0.0000000,Incorrect,,,,,,,,,1114,"Domain: evidence base practice",1120,"Type: knowledge",1227,"Competency Name: glasgow coma scale",1239,"Competency area: introduction to GCS",1240,"Competency Definition: interpretation of GCS score",,,,
1871,"<p>Maximum score for verbal component of GCS is</p>",multichoice,4388,<p>V6</p>,0.0000000,Incorrect,4389,<p>V5</p>,1.0000000,Correct,4390,<p>V4</p>,0.0000000,Incorrect,,,,,,,,,,,,,1114,"Domain: evidence base practice",1120,"Type: knowledge",1227,"Competency Name: glasgow coma scale",1239,"Competency area: introduction to GCS",1241,"Competency Definition: verbal response",,,,
1872,"<p>Minimum score for GCS can never be zero.</p>",multichoice,4391,<p>True </p>,1.0000000,Correct,4392,<p>False</p>,0.0000000,Incorrect,,,,,,,,,,,,,,,,,1114,"Domain: evidence base practice",1120,"Type: knowledge",1227,"Competency Name: glasgow coma scale",1239,"Competency area: introduction to GCS",1242,"Competency Definition: GCS score",,,,
1873,"<p>Minimum score in each component of GCS is zero.</p>",multichoice,4393,<p>True </p>,0.0000000,Incorrect,4394,<p>False</p>,1.0000000,Correct,,,,,,,,,,,,,,,,,1114,"Domain: evidence base practice",1120,"Type: knowledge",1227,"Competency Name: glasgow coma scale",1239,"Competency area: introduction to GCS",1242,"Competency Definition: GCS score",,,,
1874,"<p>Nurse finds that the total score obtained after GCS assessment of a patient is 15. She interprets that the person:</p>",multichoice,4395,"<p>Is conscious and alert</p>",1.0000000,Correct,4396,"<p>Can improve this score with better care</p>",0.0000000,Incorrect,4397,"<p>Is unresponsive</p>",0.0000000,Incorrect,,,,,,,,,,,,,1114,"Domain: evidence base practice",1117,"Type: skill",1227,"Competency Name: glasgow coma scale",1228,"Competency area: interpretation of score",1229,"Competency Definition: interpret GCS score",,,,
1875,"<p>On performing trapezius tap, the patient did not respond. Nurse would score it as 0 or no response.</p>",multichoice,4398,<p>True </p>,0.0000000,Incorrect,4399,<p>False</p>,1.0000000,Correct,,,,,,,,,,,,,,,,,1114,"Domain: evidence base practice",1117,"Type: skill",1227,"Competency Name: glasgow coma scale",1228,"Competency area: interpretation of score",1236,"Competency Definition: interpret motor response",,,,
1876,"<p>Speaking with a person loudly is an example of using sound as stimuli during GCS assessment.</p>",multichoice,4400,<p>True</p>,1.0000000,Correct,4401,<p>False</p>,0.0000000,Incorrect,,,,,,,,,,,,,,,,,1114,"Domain: evidence base practice",1117,"Type: skill",1227,"Competency Name: glasgow coma scale",1235,"Competency area: verbal response",1241,"Competency Definition: verbal response",,,,
1877,"<p>The best response in the category for ‘Motor Response’ is:</p>",multichoice,4402,"<p>Patient is oriented</p>",0.0000000,Incorrect,4403,"<p>Obeys command</p>",1.0000000,Correct,4404,"<p>Removes source of stimuli </p>",0.0000000,Incorrect,4405,"<p>Assumes a decorticate posture</p>",0.0000000,Incorrect,,,,,,,,,1114,"Domain: evidence base practice",1120,"Type: knowledge",1227,"Competency Name: glasgow coma scale",1230,"Competency area: motor response",1243,"Competency Definition: motor response",,,,
1878,"<p>This is how a patient responded to trapezius pinch performed by a nurse. It will be recorded as:</p><p><img src=""@@PLUGINFILE@@/GSC%20image%203.png"" alt="""" width=""300"" height=""139"" role=""presentation"" class=""img-responsive atto_image_button_text-bottom""></p>",multichoice,4406,"<p>Normal flexion</p>",0.0000000,Incorrect,4407,"<p>Abnormal flexion</p>",0.0000000,Incorrect,4408,"<p>Abnormal extension</p>",1.0000000,Correct,,,,,,,,,,,,,1114,"Domain: evidence base practice",1120,"Type: knowledge",1227,"Competency Name: glasgow coma scale",1230,"Competency area: motor response",1243,"Competency Definition: motor response",,,,
1879,"<p>Which of the following is/are example (s) of ‘ physical stimuli’ used during GCS assessment:</p>",multichoice,4409,"<p>Trapezius pinch</p>",0.0000000,Incorrect,4410,"<p>Pressure on finger tip</p>",0.0000000,Incorrect,4411,"<p>Pain on the nail bed</p>",0.0000000,Incorrect,4412,"<p>Supraorbital notch </p>",0.0000000,Incorrect,4413,"<p>Trapezius pinch, pain on the nail bed &amp; supraorbital notch </p>",0.0000000,Incorrect,4414,"<p>Trapezius pinch, pressure on finger tip &amp; supraorbital notch </p>",1.0000000,Correct,1114,"Domain: evidence base practice",1120,"Type: knowledge",1227,"Competency Name: glasgow coma scale",1239,"Competency area: introduction to GCS",1240,"Competency Definition: interpretation of GCS score",,,,
1694,"CPAP is beneficial in patients with which condition among the following?",multichoice,4052,Pneumonia,0.0000000,Incorrect,4053,Cyanosis,0.0000000,Incorrect,4054,"CO2 retention",1.0000000,Correct,4055,Anemia,0.0000000,Incorrect,,,,,,,,,1114,"Domain: evidence base practice",1120,"Type: knowledge",1244,"Competency Name: Oxygen therapy adult",1245,"Competency area: CPAP",1246,"Competency Definition: benefits of CPAP",,,,
1703,"How does CPAP work?",multichoice,4088,"It varies the airway pressure and therefore improves ventilation.",0.0000000,Incorrect,4089,"It increases the airway pressure and therefore improves ventilation.",0.0000000,Incorrect,4090,"It does not change the airway pressure but improves ventilation.",0.0000000,Incorrect,4091,"It decreases the airway pressure and therefore improves ventilation.",1.0000000,Correct,,,,,,,,,1114,"Domain: evidence base practice",1120,"Type: knowledge",1244,"Competency Name: Oxygen therapy adult",1245,"Competency area: CPAP",1247,"Competency Definition: CPAP work",,,,
1705,"How much is the inspiratory pressure at which CPAP is set?",multichoice,4096,"10-15 cm of H2O",0.0000000,Incorrect,4097,"4-8 cm of H2O",1.0000000,Correct,4098,"8-10 cm of H2O",0.0000000,Incorrect,4099,"1-4 cm of H2O",0.0000000,Incorrect,,,,,,,,,1114,"Domain: evidence base practice",1120,"Type: knowledge",1244,"Competency Name: Oxygen therapy adult",1245,"Competency area: CPAP",1248,"Competency Definition: inspiratory pressure",,,,
1699,"Side effects of oxygen therapy are all <strong>except</strong>?",multichoice,4072,"Absorption atelactasis",0.0000000,Incorrect,4073,"Decreased vital capacity",0.0000000,Incorrect,4074,"Increased pulmonary compliance",1.0000000,Correct,4075,"Endothelial damage",0.0000000,Incorrect,,,,,,,,,1114,"Domain: evidence base practice",1120,"Type: knowledge",1244,"Competency Name: Oxygen therapy adult",1249,"Competency area: oxygen therapy",1250,"Competency Definition: side effects of oxygen therapy",,,,
1701,"The adequacy of tissue oxygenation is most accurately measured by",multichoice,4080,"Hematocrit values",0.0000000,Incorrect,4081,"Arterial blood gases",1.0000000,Correct,4082,"Hemoglobin levels",0.0000000,Incorrect,4083,"Pulmonary function tests",0.0000000,Incorrect,,,,,,,,,1114,"Domain: evidence base practice",1120,"Type: knowledge",1244,"Competency Name: Oxygen therapy adult",1249,"Competency area: oxygen therapy",1251,"Competency Definition: tissue oxygenation",,,,
1689,"The percentage of oxygen participating in gas-exchange is termed as ?",multichoice,4032,SpO2,0.0000000,Incorrect,4033,FiO2,1.0000000,Correct,4034,PAO2,0.0000000,Incorrect,4035,PACO2,0.0000000,Incorrect,,,,,,,,,1114,"Domain: evidence base practice",1120,"Type: knowledge",1244,"Competency Name: Oxygen therapy adult",1249,"Competency area: oxygen therapy",1252,"Competency Definition: oxygen participating in gas exchange",,,,
1693,"The simplest equipment used to increase patients breathing capacity in pre and post operative patients with thoracic surgery?",multichoice,4048,BiPAP,0.0000000,Incorrect,4049,Spirometer,1.0000000,Correct,4050,CPAP,0.0000000,Incorrect,4051,"Oxygen tent",0.0000000,Incorrect,,,,,,,,,1114,"Domain: evidence base practice",1120,"Type: knowledge",1244,"Competency Name: Oxygen therapy adult",1249,"Competency area: oxygen therapy",1253,"Competency Definition: equipment used to increase breathing capacity",,,,
1690,"What is the flow rate at which a simple face mask provides oxygen?",multichoice,4036,"1-6 Litre/mt",1.0000000,Correct,4037,"10-15 Litre/mt",0.0000000,Incorrect,4038,"8-12 Litre/mt",0.0000000,Incorrect,4039,"12-15 Litre/mt",0.0000000,Incorrect,,,,,,,,,1114,"Domain: evidence base practice",1120,"Type: knowledge",1244,"Competency Name: Oxygen therapy adult",1254,"Competency area: simple face mask",1255,"Competency Definition: flow rate for simple face mask",,,,
81169,"What is the normal range of oxygen in arterial blood gas?",multichoice,51561,"50-80 mm Hg",0.0000000,Incorrect,51562,"20-40 mm Hg",0.0000000,Incorrect,51563,"80-90 mm Hg",1.0000000,Correct,51564,"60-80 mm Hg",0.0000000,Incorrect,,,,,,,,,1114,"Domain: evidence base practice",1120,"Type: knowledge",1244,"Competency Name: Oxygen therapy adult",1256,"Competency area: arterial blood gas",1257,"Competency Definition: normal range of oxygen",,,,
1700,"When oxygen therapy via nasal cannula is ordered for a patient, the first action by the nurse is to",multichoice,4076,"Explain the rules of fire safety and oxygen use",1.0000000,Correct,4077,"Post an""oxygen in use"" sign on the door to the room",0.0000000,Incorrect,4078,"Adjust the oxygen level before applying the cannula",0.0000000,Incorrect,4079,"Lubricate the nares with water-soluble jelly",0.0000000,Incorrect,,,,,,,,,1114,"Domain: evidence base practice",1117,"Type: skill",1244,"Competency Name: Oxygen therapy adult",1258,"Competency area: nasal cannula",1259,"Competency Definition: first action by the nurse nasal cannula",,,,
1702,"When should humidification be used with oxygen therapy?",multichoice,4084,"When high flows of oxygen are required for longer than a week.",0.0000000,Incorrect,4085,"When high flows of oxygen are required for longer than four hours.",1.0000000,Correct,4086,"When high flows of oxygen are required for longer than 24 hours.",0.0000000,Incorrect,4087,"When high flows of oxygen are required for longer than one hour.",0.0000000,Incorrect,,,,,,,,,1114,"Domain: evidence base practice",1120,"Type: knowledge",1244,"Competency Name: Oxygen therapy adult",1249,"Competency area: oxygen therapy",1260,"Competency Definition: use of humidification with oxygen therapy",,,,
129935,"Which among the following is <strong>not </strong>an indication for oxygen administration?",multichoice,242246,COPD,0.0000000,Incorrect,242247,Shock,0.0000000,Incorrect,242248,Anemia,1.0000000,Correct,242249,Breathlessness,0.0000000,Incorrect,,,,,,,,,1114,"Domain: evidence base practice",1120,"Type: knowledge",1244,"Competency Name: Oxygen therapy adult",1249,"Competency area: oxygen therapy",1261,"Competency Definition: indication of oxygen administration",,,,
1696,"Which among the following refers to the extra air that can be inhaled beyond the normal tidal volume?",multichoice,4060,"Residual volume",0.0000000,Incorrect,4061,"Functional residual capacity",0.0000000,Incorrect,4062,"Expiratory reserve volume",0.0000000,Incorrect,4063,"Inspiratory reserve volume",1.0000000,Correct,,,,,,,,,1114,"Domain: evidence base practice",1120,"Type: knowledge",1244,"Competency Name: Oxygen therapy adult",1249,"Competency area: oxygen therapy",1261,"Competency Definition: indication of oxygen administration",,,,
1704,"Which is the mode of oxygen administration that provides assistance during inspiration and prevents airway closure during expiration?",multichoice,4092,BiPAP,1.0000000,Correct,4093,"Simple face mask",0.0000000,Incorrect,4094,CPAP,0.0000000,Incorrect,4095,"Tracheostomy collar",0.0000000,Incorrect,,,,,,,,,1114,"Domain: evidence base practice",1120,"Type: knowledge",1244,"Competency Name: Oxygen therapy adult",1262,"Competency area: modes of oxygen administration",1263,"Competency Definition: assistance during inspiration and prevents airway closure",,,,
1692,"Which is the most commonly used oxygen delivery mode that <strong>does not</strong> restrict patient activity?",multichoice,4044,"Venturi mask",0.0000000,Incorrect,4045,BiPAP,0.0000000,Incorrect,4046,"Nasal prongs",1.0000000,Correct,4047,"T tube",0.0000000,Incorrect,,,,,,,,,1114,"Domain: evidence base practice",1120,"Type: knowledge",1244,"Competency Name: Oxygen therapy adult",1262,"Competency area: modes of oxygen administration",1264,"Competency Definition: mode does not restrict patient activity",,,,
1697,"Which of the following is the initial sign of hypoxemia in an adult client?",multichoice,4064,"Tachypnea, Tachycardia",0.0000000,Incorrect,4065,"Tachycardia, Irritability",1.0000000,Correct,4066,"Tachycardia, Flaring of nares",0.0000000,Incorrect,4067,"Cyanosis, Pallor",0.0000000,Incorrect,,,,,,,,,1114,"Domain: evidence base practice",1120,"Type: knowledge",1244,"Competency Name: Oxygen therapy adult",1262,"Competency area: modes of oxygen administration",1264,"Competency Definition: mode does not restrict patient activity",,,,
1698,"Which of the following oxygen delivery method can deliver 100% Oxygen at 15 LPM?",multichoice,4068,"Nasal Cannula",0.0000000,Incorrect,4069,"Simple Face mask",0.0000000,Incorrect,4070,"Non Rebreather mask",1.0000000,Correct,4071,"Partial Rebreather mask",0.0000000,Incorrect,,,,,,,,,1114,"Domain: evidence base practice",1120,"Type: knowledge",1244,"Competency Name: Oxygen therapy adult",1262,"Competency area: modes of oxygen administration",1265,"Competency Definition: 100% Oxygen at 15 LPM",,,,
1686,"Which one of the following device provides fixed performance oxygen therapy?",multichoice,4020,"Nasal prongs",0.0000000,Incorrect,4021,"Venturi mask",1.0000000,Correct,4022,"T piece",0.0000000,Incorrect,4023,"Nasal catheter",0.0000000,Incorrect,,,,,,,,,1114,"Domain: evidence base practice",1120,"Type: knowledge",1244,"Competency Name: Oxygen therapy adult",1262,"Competency area: modes of oxygen administration",1266,"Competency Definition: fixed performance oxygen therapy",,,,
1695,"Which should be the priority intervention of a teaching plan to instruct a client about the proper use of an incentive spirometer?",multichoice,4056,"Instruct the client to exhale, put the mouthpiece in place, and take a breath for 5 to 10 seconds.",1.0000000,Correct,4057,"Instruct the client to inhale with the mouthpiece in place, and then exhale for 5 seconds.",0.0000000,Incorrect,4058,"Teach the client to exhale, put the mouthpiece in place, and take a breath for 20 seconds.",0.0000000,Incorrect,4059,"Instruct the client to inhale, put the mouthpiece in place, and then cough briskly.",0.0000000,Incorrect,,,,,,,,,1114,"Domain: evidence base practice",1120,"Type: knowledge",1244,"Competency Name: Oxygen therapy adult",1267,"Competency area: incentive spirometer",1268,"Competency Definition: priority intervention to client for use of incentive spirometer",,,,
1691,"You are preparing to transport a patient and the good doctor wants the patient to be on the highest FiO2 possible.  What are you going to bring?",multichoice,4040,"Nebulizer mask",0.0000000,Incorrect,4041,"Non-rebreathing mask",1.0000000,Correct,4042,"Blender system",0.0000000,Incorrect,4043,"Non-rebreathing circuit",0.0000000,Incorrect,,,,,,,,,1114,"Domain: evidence base practice",1120,"Type: knowledge",1244,"Competency Name: Oxygen therapy adult",1249,"Competency area: oxygen therapy",1269,"Competency Definition: mode of oxygen delivery",,,,
1855,"<p>A nurse receives a patient after surgery in ICU. She asks the patient about his name and date. Patient keeps something and the nurse is unable to correlate it to question asked. She would record this response as:</p>",multichoice,4342,"<p>Inappropriate words</p>",1.0000000,Correct,4343,"<p>Incomprehensible sound</p>",0.0000000,Incorrect,4344,<p>Confused</p>,0.0000000,Incorrect,,,,,,,,,,,,,1120,"Type: knowledge",1227,"Competency Name: glasgow coma scale",1234,"Competency Definition: interpret verbal response",1235,"Competency area: verbal response",,,,,,
66705,"According to JCI effective communication is all of the following except",multichoice,17711,"Timely and accurate",0.0000000,Incorrect,17712,Complete,0.0000000,Incorrect,17713,"Understood by others",0.0000000,Incorrect,17714,Ambiguous,1.0000000,Correct,,,,,,,,,1120,"Type: knowledge",1270,"Domain: Communication",1271,"Competency Name: Effective communication for client safety",1272,"Competency area: effective communication",1273,"Competency Definition: characteristics of effective communication",,,,
66714,"All verbal and telephone orders made must be countersigned by the ordering doctor within",multichoice,17747,"12 hours",0.0000000,Incorrect,17748,"24 hours",1.0000000,Correct,17749,"48 hours",0.0000000,Incorrect,17750,"72 hours",0.0000000,Incorrect,,,,,,,,,1120,"Type: knowledge",1270,"Domain: Communication",1271,"Competency Name: Effective communication for client safety",1274,"Competency area: verbal and telephone order",1275,"Competency Definition: method of receiving verbal or telephonic order",,,,
66710,"For any critical value, the performing technologist or laboratory staff shall be responsible for notifying",multichoice,17731,"The doctor who requested the test",0.0000000,Incorrect,17732,"The unit where the patient is admitted",0.0000000,Incorrect,17733,"Both the doctor who requested the test and the unit where the patient is admitted",1.0000000,Correct,17734,"None of the above",0.0000000,Incorrect,,,,,,,,,1120,"Type: knowledge",1270,"Domain: Communication",1271,"Competency Name: Effective communication for client safety",1276,"Competency area: critical values",1277,"Competency Definition: method of reporting critical values",,,,
66711,"Handoff communication is also referred as",multichoice,17735,"Handover communication",1.0000000,Correct,17736,"Handover skill communication",0.0000000,Incorrect,17737,"Effective Communication",0.0000000,Incorrect,17738,"All of the above",0.0000000,Incorrect,,,,,,,,,1120,"Type: knowledge",1270,"Domain: Communication",1271,"Competency Name: Effective communication for client safety",1278,"Competency area: handoff communication",1279,"Competency Definition: handover communication",,,,
66704,"Improve effective communication is identified as the",multichoice,17707,"First goal of IPSG",0.0000000,Incorrect,17708,"Second goal of IPSG",1.0000000,Correct,17709,"Third goal of IPSG",0.0000000,Incorrect,17710,"Fourth goal of IPSG",0.0000000,Incorrect,,,,,,,,,1120,"Type: knowledge",1270,"Domain: Communication",1271,"Competency Name: Effective communication for client safety",1272,"Competency area: effective communication",1280,"Competency Definition: goal of IPSG",,,,
66712,"Patient’s age, date of birth and identity related information during hand off is considered under",multichoice,17739,Situation,1.0000000,Correct,17740,Background,0.0000000,Incorrect,17741,Assessment,0.0000000,Incorrect,17742,Recommendation,0.0000000,Incorrect,,,,,,,,,1120,"Type: knowledge",1270,"Domain: Communication",1271,"Competency Name: Effective communication for client safety",1278,"Competency area: handoff communication",1281,"Competency Definition: SBAR technique",,,,
66713,"Readback policy is used for the reconfirmation of",multichoice,17743,"Text messages",0.0000000,Incorrect,17744,"Written messages",0.0000000,Incorrect,17745,Handover,0.0000000,Incorrect,17746,"Verbal or telephonic orders",1.0000000,Correct,,,,,,,,,1120,"Type: knowledge",1270,"Domain: Communication",1271,"Competency Name: Effective communication for client safety",1282,"Competency area: verbal and telephonic communication",1283,"Competency Definition: Read back policy",,,,
66708,"Technique used for telephonic communication and handoff is",multichoice,17723,BSAR,0.0000000,Incorrect,17724,SBAR,1.0000000,Correct,17725,SBRA,0.0000000,Incorrect,17726,BSRA,0.0000000,Incorrect,,,,,,,,,1120,"Type: knowledge",1270,"Domain: Communication",1271,"Competency Name: Effective communication for client safety",1282,"Competency area: verbal and telephonic communication",1284,"Competency Definition: techniques of telephonic communication",,,,
66707,"The overall goal to achieve effective verbal and telephonic communication is by",multichoice,17719,"Write down orders",0.0000000,Incorrect,17720,"Repeating the orders",0.0000000,Incorrect,17721,"Writing and reading back",1.0000000,Correct,17722,"None of the above",0.0000000,Incorrect,,,,,,,,,1120,"Type: knowledge",1270,"Domain: Communication",1271,"Competency Name: Effective communication for client safety",1282,"Competency area: verbal and telephonic communication",1285,"Competency Definition: goal of verbal and telephonic communication",,,,
66709,"The SBAR technique stands for:",multichoice,17727,"Situation, Background, Assessment, Recommendation",1.0000000,Correct,17728,"Standardized, Background, Assessment, Recommendation",0.0000000,Incorrect,17729,"Situation, Baseline, Assessment, Recommendation",0.0000000,Incorrect,17730,"Situation, Background, Assessment, Restating.",0.0000000,Incorrect,,,,,,,,,1120,"Type: knowledge",1270,"Domain: Communication",1271,"Competency Name: Effective communication for client safety",1281,"Competency Definition: SBAR technique",1282,"Competency area: verbal and telephonic communication",,,,
66706,"Verbal and telephonic orders shall not be accepted for following except",multichoice,17715,Chemotherapy,0.0000000,Incorrect,17716,DNR,0.0000000,Incorrect,17717,"In an emergency",1.0000000,Correct,17718,"Withdrawal of life support",0.0000000,Incorrect,,,,,,,,,1120,"Type: knowledge",1270,"Domain: Communication",1271,"Competency Name: Effective communication for client safety",1282,"Competency area: verbal and telephonic communication",1286,"Competency Definition: Verbal and telephonic orders",,,,
66718,"What are the situations when verbal orders can be disallowed?",multichoice,17763,"Difficult to obtain hard-copy",0.0000000,Incorrect,17764,"When doctor is in procedure",0.0000000,Incorrect,17765,"When the prescriber is present and the patient’s chart is available",1.0000000,Correct,17766,"Emergency situations",0.0000000,Incorrect,,,,,,,,,1120,"Type: knowledge",1270,"Domain: Communication",1271,"Competency Name: Effective communication for client safety",1282,"Competency area: verbal and telephonic communication",1287,"Competency Definition: Verbal orders",,,,
66715,"What do you understand by error prone communication?",multichoice,17751,"Patient care orders given verbally",0.0000000,Incorrect,17752,"Patient care orders given on telephone",0.0000000,Incorrect,17753,"Patient care orders given verbally and given on telephone",1.0000000,Correct,17754,"Patient care orders given in written form",0.0000000,Incorrect,,,,,,,,,1120,"Type: knowledge",1270,"Domain: Communication",1271,"Competency Name: Effective communication for client safety",1288,"Competency area: communication",1289,"Competency Definition: error prone communication",,,,
66716,"Which method is not allowed for clinical instruction and reporting the critical results?",multichoice,17755,"Short message service and texting",1.0000000,Correct,17756,"Telephonic communication",0.0000000,Incorrect,17757,"Verbal communication",0.0000000,Incorrect,17758,"Written communication",0.0000000,Incorrect,,,,,,,,,1120,"Type: knowledge",1270,"Domain: Communication",1271,"Competency Name: Effective communication for client safety",1290,"Competency area: reporting of critical values",1291,"Competency Definition: methods of reporting critical test results",,,,
66717,"You are receiving a telephonic order for your patient. So as a nurse you have to make sure that prescribing physician shall state clearly",multichoice,17759,"Full name of patient, date of admission, past and present medical history and the medication",0.0000000,Incorrect,17760,"Full name of patient, diagnosis of patient, past and present medical history and the medication",0.0000000,Incorrect,17761,"Full name of patient, the medication Generic and brand name, treatment or any specific order, purpose and date and time when it is expected to be done",1.0000000,Correct,17762,"Full name of patient, diagnosis, chief complaint, medication, purposes and date and time",0.0000000,Incorrect,,,,,,,,,1120,"Type: knowledge",1270,"Domain: Communication",1271,"Competency Name: Effective communication for client safety",1292,"Competency area: verbal and telephonic order",1293,"Competency Definition: method of receiving telephonic order",,,,
